"nr","KEY","plf","error"
1,"uuid:32a1a9ca-331f-4d60-a3d3-f4dffec26b69","1602510801515.xlsx","No header with names of farmers found"
3,"uuid:dcad7ab3-6d56-475e-973b-9f6c8a86b279","1602512319848.xlsx","No header with names of farmers found"
7,"uuid:0a8d8ed5-52f9-4c41-bc99-627ecc9b9915","1606678453336.xlsx","No Excel file found"
11,"uuid:48a2dbf2-e777-4aae-90a5-013fb6b6c639","1599044735942.xlsx","No unique header row found"
35,"uuid:3fb0981a-9a95-4b89-831b-2307539b44fb","1604013094786.pdf","No Excel file found"
40,"uuid:e42a7bfe-be6a-4934-b5f5-c0f5727da4a7","1606677176998.xlsx","No Excel file found"
44,"uuid:423bb2cf-b8bf-4ba2-894e-35809a19e001","1597815163686.xlsx","No unique header row found"
56,"uuid:7e82e0cf-88de-4c4c-88ab-dde5bc1a2f79","1604935021868.jpg","No Excel file found"
80,"uuid:8ddc95e7-2b9c-46f2-b73b-76af5866ccd2","","No Excel file found"
81,"uuid:32d728f7-3e9e-4244-a72e-add6dc9e303a","1607496562292.jpg","No Excel file found"
102,"uuid:1c5c481e-9d8d-4323-9923-b75525996fe1","1604009371681.docx","No Excel file found"
107,"uuid:f748e1b6-d8e0-4436-a7f3-0a5e3024f02f","1598993846296xlsx","No unique header row found"
108,"uuid:b16bfc74-7482-42d6-b93a-10f844c7cebc","1600949733977.docx","No Excel file found"
118,"uuid:97f82642-3056-4e5d-b8f7-c21c959d437c","1599046657789.docx","No Excel file found"
153,"uuid:aa6d393b-7321-43aa-9cfe-2352e16e0011","1600783000741.docx","No Excel file found"
210,"uuid:74c51e1e-e2c3-4fe0-9e10-967827377841","1598733493350xlsx","No unique header row found"
246,"uuid:90ea2649-62f8-4993-8fb2-73071ab13778","1616602594160.xlsx","No header with names of farmers found"
785,"uuid:42598e0c-5af6-42d9-9b7e-7ed3ba2d748d","1601327169678.","No Excel file found"
790,"uuid:93633a6f-0c68-420e-96e2-de2bff95ef67","1604509716341.","No Excel file found"
810,"uuid:ecadf997-e123-4827-9ddc-437959aa6e4d","1601219840251.","No Excel file found"
812,"uuid:df64611a-29e5-43b4-8427-81befd963d0f","1601503456701.","No Excel file found"
830,"uuid:a5183389-397d-42e3-b2a0-3a35b348e821","1582276160641.docx","No Excel file found"
843,"uuid:92e0a008-9d90-487f-9cf0-a4272139360b","1582275731459.docx","No Excel file found"
856,"uuid:3253124a-2d05-48f8-a203-98300a7abfd0","1582614212876.docx","No Excel file found"
962,"uuid:e77267b4-05b3-4eb6-8562-800feea75778","1605107753056.jpg","No Excel file found"
963,"uuid:be7a32a6-bd36-48e6-98a4-b0872c15f229","1594847808147.xlsx","No unique header row found"
966,"uuid:fae35e48-fc6b-4ec6-a0b9-7d2346950b84","1599748489813.xlsx","No unique header row found"
967,"uuid:23a88757-c973-48de-bc79-e622ebf669f0","1594847202258.xlsx","No unique header row found"
968,"uuid:c54d4b0c-aa59-4cb7-9f82-830fddfe618c","1599747392268.xlsx","No unique header row found"
969,"uuid:6a3dcb86-bdc0-4f32-8378-80a0d12c8e60","1594746907664.xlsx","No unique header row found"
970,"uuid:0080ef09-017d-431d-a446-efc51f7251f8","1597161472216.xlsx","No unique header row found"
972,"uuid:49f22449-4211-4056-b4ad-1d141780c830","1599748891114.xlsx","No unique header row found"
974,"uuid:81cf3195-c79e-4ffd-98fc-71b0e837a064","1599746341672.xlsx","No unique header row found"
977,"uuid:dbc180d3-95fb-49b7-9c31-ec2f7f9325e7","1612666585281.xlsx","No unique header row found"
979,"uuid:f4f7b466-ff3f-469b-880f-5124288809d6","1606153186154.xlsx","No unique header row found"
982,"uuid:408782a3-7e89-4417-86a7-57dc6b51c2cd","1597160964315.xlsx","No unique header row found"
985,"uuid:06deb77d-8a90-4e01-b5ef-39561853eba4","1594847492425.xlsx","No unique header row found"
986,"uuid:9d4b32ef-ab5b-4835-ac15-9ccac1dae5d3","1599746676771.xlsx","No unique header row found"
987,"uuid:656b4fcc-55e2-499b-8f04-4f0c73d56b92","1613557219859.xlsx","No unique header row found"
989,"uuid:af021d7f-d848-4205-b010-ebb1b5e8f1b4","1602144897571.xlsx","No unique header row found"
990,"uuid:aa47462c-60ba-4ab6-8b31-5a5d8f3a2970","1613564657166.xlsx","No unique header row found"
991,"uuid:c2b8fecd-58aa-42e3-b64a-14d63a37492d","1606474422905.xlsx","No unique header row found"
992,"uuid:a2b8cd06-aa20-4416-a88c-872bc48d6920","1613556722632.xlsx","No unique header row found"
994,"uuid:55e29988-a595-478e-acad-51ca59a915cc","1604493481872.xlsx","No unique header row found"
996,"uuid:c3d56382-fb0d-4757-be74-063c0f504572","1612667925726.xlsx","No unique header row found"
997,"uuid:e25c90ca-c1b9-46fa-b497-2709ade2f005","1613564205009.xlsx","No unique header row found"
999,"uuid:536dc05d-5407-4ec9-a562-c0111330a9d5","1612668433374.xlsx","No unique header row found"
1000,"uuid:ec758106-6cea-4fd9-8264-d0851f18824f","1600372341315.xlsx","No unique header row found"
1001,"uuid:a8a04f50-c41e-4cbc-b1a0-20a4a8443f15","1600372695448.xlsx","No unique header row found"
1002,"uuid:587d7771-458c-4566-b9da-b4ec53e9e7b3","1612670386779.xlsx","No unique header row found"
1003,"uuid:977d2f3a-dbb7-4cbe-a209-fd52e0d134b7","1612667308481.xlsx","No unique header row found"
1005,"uuid:6c5c105f-5198-49b6-8fe4-20b107148253","1595732521779.xlsx","No unique header row found"
1006,"uuid:8aea90b5-f40f-4524-9949-eaffc6410bfd","1613556039114.xlsx","No unique header row found"
1008,"uuid:3e50530a-58ec-47c9-ac92-ae4ed82c6b93","1602143829990.xlsx","No unique header row found"
1009,"uuid:6b775648-87ab-42b2-80a3-e7ac8eff3187","1599330359761.xlsx","No unique header row found"
1011,"uuid:2ff6989b-a62c-412b-bdb0-4a8ffb440bb3","1602145701303.xlsx","No unique header row found"
1014,"uuid:88785e02-d163-4d0a-9908-063f6a9ba817","1613556405339.xlsx","No unique header row found"
1015,"uuid:ba4698bd-9b93-47eb-88e7-414593f53318","1602150699068.xlsx","No unique header row found"
1017,"uuid:c61cf7e5-cd00-44d1-b178-0d6112fc6ccf","1612669490901.xlsx","No unique header row found"
1018,"uuid:2d893b15-b082-41c2-846c-ea4abc87af9c","1600373435064.xlsx","No unique header row found"
1019,"uuid:16bb602e-4d2a-42ed-bf68-8561548dcf81","1612668817098.xlsx","No unique header row found"
1021,"uuid:59d4b21c-c22c-4f73-8f7b-8b138cba0e93","1605698731152.xlsx","No unique header row found"
1022,"uuid:4b5a1c25-e860-4125-b9c0-95ca91763ead","1597162553151.xlsx","No unique header row found"
1023,"uuid:89968461-c78c-4555-8640-5f92b32834a5","1594746667253.xlsx","No unique header row found"
1024,"uuid:18ed0794-4540-4bd8-a1b6-0a9ec87d7f90","1602145186166.xlsx","No unique header row found"
1026,"uuid:528dad06-88c0-47b2-917c-d6d6ce54f3ce","1599330912598.xlsx","No unique header row found"
1027,"uuid:8895c094-5522-4ca0-9501-5a48b5db6a75","1606154179953.xlsx","No unique header row found"
1028,"uuid:45c7538a-133a-47f1-ba4e-7b6d60852842","1599330579870.xlsx","No unique header row found"
1029,"uuid:f6254782-11db-4900-9c94-a0f17bdd4c97","1599750016418.xlsx","No unique header row found"
1032,"uuid:ad6a7812-898b-4b5e-a59c-29698ed106aa","1599750454662.xlsx","No unique header row found"
1033,"uuid:2b99366d-ab96-455c-8354-4f5271a8ea5a","1600371776492.xlsx","No unique header row found"
1034,"uuid:823b0596-7c30-496b-8367-01e3de761acb","1599749309942.xlsx","No unique header row found"
1035,"uuid:9cd91db2-b196-4e78-9d2f-0885fb82bbda","1612965762452.xlsx","No unique header row found"
1036,"uuid:5c192bbc-5d46-46be-9d0a-68940c837ba2","1595732252309.xlsx","No unique header row found"
1037,"uuid:8c99ddad-c6d6-4449-9f43-4a20c82bb04c","1600371353565.xlsx","No unique header row found"
1038,"uuid:3a576f5b-75e5-487c-89bb-d67bb993c446","1594846574517.xlsx","No unique header row found"
1039,"uuid:07a20259-3e0f-49b1-9dc4-6d7c085d42b6","1612666986810.xlsx","No unique header row found"
1042,"uuid:1ae270b3-d9cb-4555-b175-c1cd43b8b9ce","1612961438721.xlsx","No unique header row found"
1043,"uuid:e52c953b-509d-4007-a50a-11c2bff08c98","1604487915804.xlsx","No unique header row found"
1044,"uuid:3db59530-8b09-46b6-a0f8-fb270387773b","1597161918037.xlsx","No unique header row found"
1045,"uuid:45bed34a-0a03-44c3-915a-bbd1b162a392","1606153738053.xlsx","No unique header row found"
1048,"uuid:e9ad36a7-04e1-456b-80e9-e056cadaf386","1602146598921.xlsx","No unique header row found"
1051,"uuid:2345112a-91d6-4399-bb05-b2eddc917f24","1604491442954.xlsx","No unique header row found"
1052,"uuid:2d7f9204-9b65-40d6-b045-7ee5888ed596","1599749627493.xlsx","No unique header row found"
1053,"uuid:7640f564-9a76-4733-b934-be47e5efe2f0","1612666039789.xlsx","No unique header row found"
1055,"uuid:5892a0b0-9c25-49c8-90e2-165d86823b0b","1600373081283.xlsx","No unique header row found"
1058,"uuid:b061e319-c950-4dc0-9bb4-3a4b3171e2b1","1602146248887.xlsx","No unique header row found"
1059,"uuid:c150e2a3-7038-4eea-bfe4-96212b382efd","1612670838617.xlsx","No unique header row found"
1062,"uuid:18081dc5-bd12-41ea-8cd4-b7e31b8fae40","1604491704691.xlsx","No unique header row found"
1063,"uuid:a9a5be7a-3500-4807-a6ee-67dd350e4c8c","1604489058013.xlsx","No unique header row found"
1064,"uuid:e772256a-fed1-46f8-8266-f0b8c7f00af2","1604491967622.xlsx","No unique header row found"
1065,"uuid:25b243ee-2b43-4db0-8803-7a81d2d1b74b","1612961879356.xlsx","No unique header row found"
1067,"uuid:779481d1-042f-429c-b322-23f01a3412fe","1612963708055.xlsx","No unique header row found"
1070,"uuid:98f240b2-7860-408d-9de2-660f93d9bfb7","1612962823636.xlsx","No unique header row found"
1080,"uuid:f5907cec-5825-4c81-8d51-f37bb67a641b","1597844878053.xlsx","No header with names of farmers found"
1099,"uuid:d26b5fbd-e2d5-432d-a585-e5c3fe8e43ca","1580814080858.xlsx","No Excel file found"
1198,"uuid:b0356586-2bb4-4518-bb95-147cea46cd5a","1575636791084.xlsx","No header with names of farmers found"
1346,"uuid:5becfa1f-1142-4cd3-85b5-04a0bbdde593","1586722949307.xlsx","No header with names of farmers found"
1400,"uuid:a5f74b65-71f5-458a-accd-987a1820c3c2","1605094959973.xlsx","No header with names of farmers found"
1430,"uuid:eb902ef0-1259-4199-b293-a927ae161c4c","","No Excel file found"
1431,"uuid:ac46c322-3abf-4d8f-9909-9d8e72c127c4","","No Excel file found"
1476,"uuid:a16148b6-1992-45a3-940b-6581dbf08b45","1599466262705.xlsx","No header with names of farmers found"
1486,"uuid:f0aab8cd-c32c-4d25-be06-fa7dfc3e4588","1579335843986null","No Excel file found"
1534,"uuid:a1ebab0c-129e-473a-9e73-fa4bf7b6fd3f","1579246784625.jpg","No Excel file found"
1550,"uuid:d9ab9b19-25be-4a0d-8713-ac884fb33e17","1594988049176.xlsx","No header with names of farmers found"
1569,"uuid:611dc903-d68d-40b2-b06b-1ab2e8cf3d51","1606332402289.pdf","No Excel file found"
1667,"uuid:2c7e1a38-c570-4fc7-8c51-f993d4b721df","1593426270197.xlsm","No header with names of farmers found"
1751,"uuid:41a7b611-1d56-4324-9155-9a5102d2946a","1574347287223.xlsx","No header with names of farmers found"
1793,"uuid:4b0160af-87b2-441d-9678-ecd9b2e528d8","1584189684649.","No Excel file found"
1797,"uuid:2cc8d7c1-543c-4724-a3e2-95d7bf906954","1608646539563.ILORA","No Excel file found"
1818,"uuid:2a799421-e8ec-4ace-9666-cf261ff2bd41","1611327048106.","No Excel file found"
1935,"uuid:ac64f2c6-25bf-4102-abd4-f883ddfae0a2","1569936640309.xlsx","No unique header row found"
2018,"uuid:4882b435-819f-4594-bddd-7033315c5eb2","1607948907452.jpg","No Excel file found"
2094,"uuid:0d9b4232-abf8-46f1-9cbd-69093d66838b","1567152413499.xlsx","No Excel file found"
2137,"uuid:8a51688f-74c6-467e-8350-5f6b264ac03c","1585224071795.xlsx","No header with names of farmers found"
2142,"uuid:a4f0b773-8040-4f96-9e0a-c77fd8e1c797","1606512988612.png","No Excel file found"
2245,"uuid:6cbf48d3-aae1-40f7-8f7f-c34c061755f1","1581271019917.jpg","No Excel file found"
2257,"uuid:bbf9c1c2-5a5f-4948-a071-2df64a07c885","1606511004341.png","No Excel file found"
2262,"uuid:25c42c02-951b-48c4-994c-63aa320f0241","1606512455778.png","No Excel file found"
2320,"uuid:113e058c-2cf9-4638-b0d9-ee55b9eef28f","1606489920623.png","No Excel file found"
2328,"uuid:e9b7c1c2-8629-463c-abaa-ac4af84c0af9","1592834657032.xlsx","No header with names of farmers found"
2334,"uuid:28f0ed8c-42c5-4bc6-b06d-0d2397744f59","1606491715120.png","No Excel file found"
2343,"uuid:12e16cfe-1142-4841-a548-9c61bcf35cbb","1571928998014.jpg","No Excel file found"
2349,"uuid:cbe68025-4ab5-45de-813e-5ab87733ab9d","1610450342541.jpg","No Excel file found"
2357,"uuid:f7ea7539-3573-4157-bcff-b9108a1f76b8","1606489306117.png","No Excel file found"
2372,"uuid:abbe12ca-3cd8-461b-bd49-dc95e7629719","1606490926726.xlsx","No header with names of farmers found"
2382,"uuid:4aba818b-d4be-415e-8d92-f455ffa11c72","1606426643129.png","No Excel file found"
2465,"uuid:7268d117-7e8f-41ef-8b8b-2d1336a339ff","1606488878444.png","No Excel file found"
2505,"uuid:888b1780-d9d8-4c72-800b-49ae9ec52807","1614328894234.xlsx","No header with names of farmers found"
2529,"uuid:ee6077b7-b6dc-46ae-898b-aaf1cd1f2d0d","1603304529325.","No Excel file found"
2535,"uuid:d9b02c97-cccc-4a1f-97b2-15ef71a3fe91","1607758562230. 02!","No Excel file found"
2544,"uuid:1a2a3322-1c9b-4db1-95fe-3a7134720b45","1607790666673. 1","No Excel file found"
2547,"uuid:baca30e5-3c3a-4e4a-9401-e1b541f5e001","1607720420468. 1","No Excel file found"
2552,"uuid:e3fd708a-e4ea-480f-863c-f6b6e10d51ce","1603310179284.","No Excel file found"
2555,"uuid:979cfeb5-b365-4ff8-a995-7b5ee31c08e9","1607769918556. 01","No Excel file found"
2561,"uuid:911c540f-210d-4aae-a811-feab9271bb69","1607760649494.  3","No Excel file found"
2569,"uuid:28285405-dae5-4ff3-b126-a07a33011f60","1611174361359.null","No Excel file found"
2577,"uuid:1b50105c-437c-4cff-a3f6-09fb9b668ece","1607756512187. 1","No Excel file found"
2587,"uuid:9b8ac9aa-6d0d-418e-a02e-db24d432ee62","1605901482136.","No Excel file found"
2588,"uuid:f63a435b-86d6-4ed6-bf73-b09f657731f9","1603223899618.","No Excel file found"
2604,"uuid:9ca93902-53cb-4519-bb80-f3d493dceea7","1613912131195.null","No Excel file found"
2606,"uuid:a39e8201-3b4e-4077-ac76-8110a9f7722a","1613992070712. 14","No Excel file found"
2636,"uuid:c94fc1d7-650c-4f74-b1fd-09ba6e2e17ac","1619978061603. 011","No Excel file found"
2641,"uuid:71cb2a05-ed8e-46f9-9311-a209827d1135","1613988898539. 13","No Excel file found"
2654,"uuid:87829887-179d-4e9b-bbae-61894e08697d","1613987817012. 12","No Excel file found"
2661,"uuid:1483c32b-7bdc-4edd-87f6-0a75d90c6081","1606745007646.xlsx","No Excel file found"
2705,"uuid:d99a4ea5-a190-44e5-8d03-4a5fd794b72c","1603123246285.png","No Excel file found"
2896,"uuid:7d34cc0b-de68-45a1-93be-088de08dacab","1603104052414.pdf","No Excel file found"
2912,"uuid:e7041876-816f-4e72-add5-6b198b90475e","1603104647679.pdf","No Excel file found"
2953,"uuid:ced3d3a3-34c4-4dad-b72a-22f5903ab39b","1598352112604.xlsx","No header with names of farmers found"
3018,"uuid:77d6f2c2-54c4-4a6c-8c4e-df024b616b50","1605683496167.pdf","No Excel file found"
3177,"uuid:f1c5e8fd-a3d2-4677-aed8-657a73e5b5c3","1601534653074.xlsx","No header with names of farmers found"
3261,"uuid:fb96b942-bfe6-4b26-8a51-250de3ffbccc","1603375324249.xlsx","No Excel file found"
3315,"uuid:be926158-f83e-4660-aa7b-eda3f5068de3","1619464789113.jpg","No Excel file found"
3327,"uuid:9816fba4-7bd7-48c7-8a36-5e9af851a959","1612209472957.jpg","No Excel file found"
3373,"uuid:25ef7aa5-0306-4f53-af68-78a15f19396e","1595521245273.pdf","No Excel file found"
3481,"uuid:3e5198b7-b4b8-440e-807a-6104c436db3f","1609617271296.ods","No Excel file found"
3540,"uuid:7b1c3da3-8a60-4027-84d7-c30f592da5fc","1609618216218.ods","No Excel file found"
3557,"uuid:bd3a78cb-3b01-4c00-981d-6faaec124312","1609617633529.ods","No Excel file found"
3567,"uuid:e21c8d5d-97cd-4dc6-a68d-78d5c7359fda","1609617827178.ods","No Excel file found"
3569,"uuid:fb4cbb5a-fa57-4cc5-bf2d-62b0ebcbe4ed","1609617969415.ods","No Excel file found"
3573,"uuid:d5aa9569-21a0-4f3b-836e-bf758aca4bbc","1609618365376.ods","No Excel file found"
3584,"uuid:b7218b5d-9bf1-4902-a013-f112b4663619","1609757731687.ods","No Excel file found"
3585,"uuid:ad97686e-679d-42c1-9dd2-fde9755e2b4c","1609618569092.ods","No Excel file found"
3603,"uuid:9810b12e-a318-4a6c-b39a-a18388e7219c","1613932586439.jpg","No Excel file found"
3649,"uuid:d2496071-b8a0-4a63-a536-911cd0e6eef9","1613932699782.jpg","No Excel file found"
3715,"uuid:7532756c-93f5-48cd-9600-46dfeab1e21a","1584368024620.jpg","No Excel file found"
3744,"uuid:2a199fe2-190d-47fe-ab47-731dea7c00c4","1613798754031.jpg","No Excel file found"
3754,"uuid:fa0d1e8a-e45e-4493-ac79-6407f29b8019","1613883079240.jpg","No Excel file found"
3776,"uuid:1a24d45f-8621-4a9d-9374-3c7770082de8","1613797518189.jpg","No Excel file found"
3781,"uuid:d7cd5506-7a65-4fa2-a25b-ecac6bf74809","1584367463151.jpg","No Excel file found"
3822,"uuid:84baf648-7a37-437f-ad71-77b0e9a0305a","1613798396225.jpg","No Excel file found"
3833,"uuid:128fe6dc-6c48-4b41-a323-c703166b9ad4","1613882975291.jpg","No Excel file found"
3842,"uuid:a1bbf078-956a-4245-83e3-af2910ed736f","1599726579907.pdf","No Excel file found"
3852,"uuid:d2350350-1d6c-41ed-a610-c4f651190c2a","1613798624229.jpg","No Excel file found"
3860,"uuid:bf38a8a3-95f8-4109-a2f3-ed2c508be819","1613797853033.jpg","No Excel file found"
3875,"uuid:105d86ae-904f-402a-a473-ff1f7b991835","1613882771940.jpg","No Excel file found"
3876,"uuid:047055d3-6f6e-4ecc-bc91-b796773aa72a","1613882863948.jpg","No Excel file found"
3900,"uuid:8ec4b32e-b020-43c7-b734-9de5868a6a6f","1613797693202.jpg","No Excel file found"
3901,"uuid:43a49f83-b321-4e8b-9086-3437ec07ec42","1613798036378.jpg","No Excel file found"
3930,"uuid:54db0849-8307-411a-8cfe-480592152d57","1613798220652.jpg","No Excel file found"
3936,"uuid:5aea53e7-8be4-4652-8a9f-8ace4ab36439","1613798886069.jpg","No Excel file found"
3940,"uuid:b5667380-2752-4e39-ad23-155e0e4c81bb","1613882567001.jpg","No Excel file found"
3972,"uuid:8dccd818-0fed-4f05-8dc1-9dc614f8de32","1613882666628.jpg","No Excel file found"
3998,"uuid:92762905-51b0-4304-8b39-acfbcc374bf0","1613799967826.jpg","No Excel file found"
4000,"uuid:eed8d4ac-871f-49b2-9e2d-a886199f6fe1","1613882100372.jpg","No Excel file found"
4007,"uuid:b74b527e-772f-4e1c-ad58-e61620f8772e","1613799663080.jpg","No Excel file found"
4009,"uuid:71d7a2d5-9578-48c2-a2a9-33a3730a1a23","1613799345489.jpg","No Excel file found"
4012,"uuid:3be06b03-c203-453f-a6bb-9be1cfd23bea","1613799153876.jpg","No Excel file found"
4015,"uuid:97c53093-04b4-4624-99df-4ec9746d5668","1613881891796.jpg","No Excel file found"
4020,"uuid:098d2e57-1583-46bb-839b-9df26fd6977c","1600182388627pdf","No Excel file found"
4030,"uuid:40c5ce1f-42d7-4dbb-9a7f-a6e9991efba5","1613799500612.jpg","No Excel file found"
4037,"uuid:7a9f3f9e-3496-4339-91aa-9d9914ae9f5a","1613799004168.jpg","No Excel file found"
4042,"uuid:1203e68b-b075-4429-b9a6-bc74927231bb","1569245988868.xlsx","No unique header row found"
4045,"uuid:0f29c9ae-9030-4439-b0c4-0cfd786e8bba","1569246523161.xlsx","No unique header row found"
4048,"uuid:9040559a-db6e-43c5-b0d5-a66c1370eb4a","1610264753186.xlsx","No unique header row found"
4051,"uuid:73828c2d-b86f-45f4-968e-13c3ba2dba9e","1610263191274.xlsx","No unique header row found"
4052,"uuid:6a84d4bb-8354-40dc-8122-77c852e58d74","1610180012006.xlsx","No unique header row found"
4158,"uuid:09bfc7c8-6860-4779-87a1-e00139721467","1606320608271.xlsx","No unique header row found"
4159,"uuid:d1d8cc7b-597d-4929-afc4-3e69acceba07","1606318719915.xlsx","No unique header row found"
4165,"uuid:600fdb46-dce7-4ea8-9746-44764ddc4086","1605854872926.xlsx","No unique header row found"
4170,"uuid:4da82b42-c7c7-4b2d-b834-67bfee35c9fc","1606370404469.xlsx","No unique header row found"
4172,"uuid:2cc77ee4-19be-4bdf-94f9-67d4af766ee5","1605855640051.xlsx","No unique header row found"
4227,"uuid:29954490-2427-4656-b620-11e8e6356c49","1610122431010.xml","No Excel file found"
4252,"uuid:62db00eb-d8d7-41cf-a135-fff41850ec3a","1599740389006.xlsx","No header with names of farmers found"
4282,"uuid:224a0353-2b33-4ac1-9366-a504c1b0b7aa","1613747371503.jpg","No Excel file found"
4298,"uuid:c0e92e23-8834-400a-b826-61231652bb37","1566500640177.jpg","No Excel file found"
4323,"uuid:77fa3ce9-0e65-4a71-a522-2581f0f0baca","1584248680365.xlsx'","No Excel file found"
4331,"uuid:616ae193-25aa-4d59-ae34-2bfa86eb539d","1595650852026._sdk_ruuid","No Excel file found"
4343,"uuid:f99c2c09-e837-46e5-be9e-66e7758e6afb","1584618360540pdf","No Excel file found"
4345,"uuid:a7e60402-4d9d-4a7b-a868-dcf681a9c3cc","1584509999090pdf","No Excel file found"
4391,"uuid:b9acb8ba-e5c6-44f8-a97e-e98ceb152822","1605851543479pdf","No Excel file found"
4395,"uuid:81d8b1bc-7a68-422c-b7db-f80329f13d79","1567431706126.xlsx","No unique header row found"
4403,"uuid:d069e13d-17a4-4aad-9072-fb550bc5d9e8","1600928651455.","No Excel file found"
4411,"uuid:4b2e0c54-f53b-43bb-8d91-743ad4879cb2","1582041494184.xlsx","No header with names of farmers found"
4551,"uuid:ebd959ed-8e0c-4d44-8bfc-d4f1b169f1cd","1607665392793txt","No Excel file found"
